<?xml version="1.0" encoding="UTF-8"?>
<GenRun Id="impl_1" LaunchPart="xc7a35tcpg236-1" LaunchTime="1760147485">
  <File Type="PA-TCL" Name="decoder.tcl"/>
  <File Type="REPORTS-TCL" Name="decoder_reports.tcl"/>
  <File Type="INIT-TIMING" Name="decoder_timing_summary_init.rpt"/>
  <File Type="OPT-DCP" Name="decoder_opt.dcp"/>
  <File Type="OPT-DRC" Name="decoder_drc_opted.rpt"/>
  <File Type="OPT-UTIL" Name="decoder_utilization_opted.rpt"/>
  <File Type="OPT-UTIL-PB" Name="decoder_utilization_opted.pb"/>
  <File Type="OPT-METHODOLOGY-DRC" Name="decoder_methodology_drc_opted.rpt"/>
  <File Type="OPT-HWDEF" Name="decoder.hwdef"/>
  <File Type="OPT-TIMING" Name="decoder_timing_summary_opted.rpt"/>
  <File Type="OPT-RQA-PB" Name="decoder_rqa_opted.pb"/>
  <File Type="PWROPT-DCP" Name="decoder_pwropt.dcp"/>
  <File Type="PWROPT-DRC" Name="decoder_drc_pwropted.rpt"/>
  <File Type="PWROPT-TIMING" Name="decoder_timing_summary_pwropted.rpt"/>
  <File Type="PLACE-DCP" Name="decoder_placed.dcp"/>
  <File Type="PLACE-IO" Name="decoder_io_placed.rpt"/>
  <File Type="PLACE-CLK" Name="decoder_clock_utilization_placed.rpt"/>
  <File Type="PLACE-UTIL" Name="decoder_utilization_placed.rpt"/>
  <File Type="PLACE-UTIL-PB" Name="decoder_utilization_placed.pb"/>
  <File Type="PLACE-CTRL" Name="decoder_control_sets_placed.rpt"/>
  <File Type="PLACE-SIMILARITY" Name="decoder_incremental_reuse_placed.rpt"/>
  <File Type="PLACE-PRE-SIMILARITY" Name="decoder_incremental_reuse_pre_placed.rpt"/>
  <File Type="PLACE-TIMING" Name="decoder_timing_summary_placed.rpt"/>
  <File Type="PLACE-RQA-PB" Name="decoder_rqa_placed.pb"/>
  <File Type="POSTPLACE-PWROPT-DCP" Name="decoder_postplace_pwropt.dcp"/>
  <File Type="POSTPLACE-PWROPT-TIMING" Name="decoder_timing_summary_postplace_pwropted.rpt"/>
  <File Type="PHYSOPT-DCP" Name="decoder_physopt.dcp"/>
  <File Type="PHYSOPT-DRC" Name="decoder_drc_physopted.rpt"/>
  <File Type="PHYSOPT-TIMING" Name="decoder_timing_summary_physopted.rpt"/>
  <File Type="ROUTE-ERROR-DCP" Name="decoder_routed_error.dcp"/>
  <File Type="ROUTE-DCP" Name="decoder_routed.dcp"/>
  <File Type="ROUTE-BLACKBOX-DCP" Name="decoder_routed_bb.dcp"/>
  <File Type="ROUTE-UTIL" Name="decoder_utilization_routed.rpt"/>
  <File Type="ROUTE-UTIL-PB" Name="decoder_utilization_routed.pb"/>
  <File Type="ROUTE-DRC" Name="decoder_drc_routed.rpt"/>
  <File Type="ROUTE-DRC-PB" Name="decoder_drc_routed.pb"/>
  <File Type="ROUTE-DRC-RPX" Name="decoder_drc_routed.rpx"/>
  <File Type="ROUTE-METHODOLOGY-DRC" Name="decoder_methodology_drc_routed.rpt"/>
  <File Type="ROUTE-METHODOLOGY-DRC-RPX" Name="decoder_methodology_drc_routed.rpx"/>
  <File Type="ROUTE-METHODOLOGY-DRC-PB" Name="decoder_methodology_drc_routed.pb"/>
  <File Type="ROUTE-PWR" Name="decoder_power_routed.rpt"/>
  <File Type="ROUTE-PWR-SUM" Name="decoder_power_summary_routed.pb"/>
  <File Type="ROUTE-PWR-RPX" Name="decoder_power_routed.rpx"/>
  <File Type="ROUTE-STATUS" Name="decoder_route_status.rpt"/>
  <File Type="ROUTE-STATUS-PB" Name="decoder_route_status.pb"/>
  <File Type="ROUTE-TIMINGSUMMARY" Name="decoder_timing_summary_routed.rpt"/>
  <File Type="ROUTE-TIMING-PB" Name="decoder_timing_summary_routed.pb"/>
  <File Type="ROUTE-TIMING-RPX" Name="decoder_timing_summary_routed.rpx"/>
  <File Type="ROUTE-SIMILARITY" Name="decoder_incremental_reuse_routed.rpt"/>
  <File Type="ROUTE-CLK" Name="decoder_clock_utilization_routed.rpt"/>
  <File Type="ROUTE-BUS-SKEW" Name="decoder_bus_skew_routed.rpt"/>
  <File Type="ROUTE-BUS-SKEW-PB" Name="decoder_bus_skew_routed.pb"/>
  <File Type="ROUTE-BUS-SKEW-RPX" Name="decoder_bus_skew_routed.rpx"/>
  <File Type="ROUTE-RQS-PB" Name="decoder_rqs_routed.pb"/>
  <File Type="POSTROUTE-PHYSOPT-DCP" Name="decoder_postroute_physopt.dcp"/>
  <File Type="POSTROUTE-PHYSOPT-BLACKBOX-DCP" Name="decoder_postroute_physopt_bb.dcp"/>
  <File Type="POSTROUTE-PHYSOPT-TIMING" Name="BCDto7Segment_timing_summary_postroute_physopted.rpt"/>
  <File Type="POSTROUTE-PHYSOPT-TIMING-PB" Name="BCDto7Segment_timing_summary_postroute_physopted.pb"/>
  <File Type="POSTROUTE-PHYSOPT-TIMING-RPX" Name="BCDto7Segment_timing_summary_postroute_physopted.rpx"/>
  <File Type="POSTROUTE-PHYSOPT-BUS-SKEW" Name="BCDto7Segment_bus_skew_postroute_physopted.rpt"/>
  <File Type="POSTROUTE-PHYSOPT-BUS-SKEW-PB" Name="BCDto7Segment_bus_skew_postroute_physopted.pb"/>
  <File Type="POSTROUTE-PHYSOPT-BUS-SKEW-RPX" Name="BCDto7Segment_bus_skew_postroute_physopted.rpx"/>
  <File Type="BG-BIT" Name="decoder.bit"/>
  <File Type="BG-BIN" Name="decoder.bin"/>
  <File Type="BITSTR-MSK" Name="decoder.msk"/>
  <File Type="BITSTR-RBT" Name="decoder.rbt"/>
  <File Type="BITSTR-NKY" Name="decoder.nky"/>
  <File Type="BITSTR-BMM" Name="decoder_bd.bmm"/>
  <File Type="BITSTR-MMI" Name="decoder.mmi"/>
  <File Type="PDI-FILE" Name="decoder.pdi"/>
  <File Type="BOOT-PDI-FILE" Name="decoder_boot.pdi"/>
  <File Type="PL-PDI-FILE" Name="decoder_pld.pdi"/>
  <File Type="RCFI_FILE" Name="decoder.rcfi"/>
  <File Type="CFI_FILE" Name="decoder.cfi"/>
  <File Type="RNPI_FILE" Name="decoder.rnpi"/>
  <File Type="RCDO-FILE" Name="decoder.rcdo"/>
  <File Type="MARKER-RNPI-FILE" Name="decoder_markers.rnpi"/>
  <File Type="MARKER-RCDO-FILE" Name="decoder_markers.rcdo"/>
  <File Type="BOOT_RNPI_FILE" Name="decoder_boot.rnpi"/>
  <File Type="BOOT_MARKER_RNPI_FILE" Name="decoder_boot_markers.rnpi"/>
  <File Type="PL_RNPI_FILE" Name="decoder_pld.rnpi"/>
  <File Type="PL_MARKER_RNPI_FILE" Name="decoder_pld_markers.rnpi"/>
  <File Type="PL_MASK_RNPI_FILE" Name="decoder_pld_mask.rnpi"/>
  <File Type="PL_SHUTDOWN_RNPI_FILE" Name="decoder_pld_shutdown.rnpi"/>
  <File Type="PL_UNMASK_RNPI_FILE" Name="decoder_pld_unmask.rnpi"/>
  <File Type="PL-RCDO-FILE" Name="decoder_pld.rcdo"/>
  <File Type="PL-CLEAR-RCDO-FILE" Name="decoder_pld_clear.rcdo"/>
  <File Type="PL_MARKER_RCDO_FILE" Name="decoder_pld_markers.rcdo"/>
  <File Type="PL_MASK_RCDO_FILE" Name="decoder_pld_mask.rcdo"/>
  <File Type="PL_UNMASK_MARKER_RCDO_FILE" Name="decoder_pld_unmask_markers.rcdo"/>
  <File Type="PL_UNMASK_RCDO_FILE" Name="decoder_pld_unmask.rcdo"/>
  <File Type="NPI_FILE" Name="decoder.npi"/>
  <File Type="RBD_FILE" Name="decoder.rbd"/>
  <File Type="MMI-FILE" Name="decoder.mmi"/>
  <File Type="BIF-FILE" Name="decoder.bif"/>
  <File Type="BOOT-BIF-FILE" Name="decoder_boot.bif"/>
  <File Type="PL-BIF-FILE" Name="decoder_pld.bif"/>
  <File Type="LTX-FILE" Name="decoder.ltx"/>
  <File Type="BOOT-LTX-FILE" Name="decoder_boot.ltx"/>
  <File Type="PL-LTX-FILE" Name="decoder_pld.ltx"/>
  <File Type="BITSTR-LTX" Name="debug_nets.ltx"/>
  <File Type="BITSTR-LTX" Name="decoder.ltx"/>
  <File Type="BITSTR-SYSDEF" Name="decoder.sysdef"/>
  <File Type="BG-BGN" Name="decoder.bgn"/>
  <File Type="BG-DRC" Name="decoder.drc"/>
  <File Type="RDI-RDI" Name="decoder.vdi"/>
  <File Type="WBT-USG" Name="usage_statistics_webtalk.html"/>
  <File Type="ROUTE-RQS" Name="decoder_routed.rqs"/>
  <File Type="POSTROUTE-PHYSOPT-RQS" Name="decoder_postroute_physopted.rqs"/>
  <File Type="ROUTE-RQS-RPT" Name="route_report_qor_suggestions_0.rpt"/>
  <File Type="POSTROUTE-PHYSOPT-RQS-RPT" Name="postroute_physopt_report_qor_suggestions_0.rpt"/>
  <FileSet Name="sources" Type="DesignSrcs" RelSrcDir="$PSRCDIR/sources_1" RelGenDir="$PGENDIR/sources_1">
    <Filter Type="Srcs"/>
    <File Path="$PSRCDIR/sources_1/imports/new/decoder.v">
      <FileInfo>
        <Attr Name="ImportPath" Val="$PPRDIR/../Lab_2/Lab_2.srcs/sources_1/new/decoder.v"/>
        <Attr Name="ImportTime" Val="1757742007"/>
        <Attr Name="UsedIn" Val="synthesis"/>
        <Attr Name="UsedIn" Val="implementation"/>
        <Attr Name="UsedIn" Val="simulation"/>
      </FileInfo>
    </File>
    <File Path="$PSRCDIR/sources_1/new/myAND.v">
      <FileInfo>
        <Attr Name="UserDisabled" Val="1"/>
        <Attr Name="UsedIn" Val="synthesis"/>
        <Attr Name="UsedIn" Val="implementation"/>
        <Attr Name="UsedIn" Val="simulation"/>
      </FileInfo>
    </File>
    <File Path="$PSRCDIR/sources_1/new/BCDto7Segment.v">
      <FileInfo>
        <Attr Name="UserDisabled" Val="1"/>
        <Attr Name="UsedIn" Val="synthesis"/>
        <Attr Name="UsedIn" Val="implementation"/>
        <Attr Name="UsedIn" Val="simulation"/>
      </FileInfo>
    </File>
    <Config>
      <Option Name="DesignMode" Val="RTL"/>
      <Option Name="TopModule" Val="decoder"/>
      <Option Name="TopAutoSet" Val="TRUE"/>
    </Config>
  </FileSet>
  <FileSet Name="constrs_in" Type="Constrs" RelSrcDir="$PSRCDIR/constrs_1" RelGenDir="$PGENDIR/constrs_1">
    <Filter Type="Constrs"/>
    <File Path="$PSRCDIR/constrs_1/imports/Downloads/Basys3_Master.xdc">
      <FileInfo>
        <Attr Name="ImportPath" Val="$PPRDIR/../../../Downloads/Basys3_Master.xdc"/>
        <Attr Name="ImportTime" Val="1757080397"/>
        <Attr Name="UsedIn" Val="synthesis"/>
        <Attr Name="UsedIn" Val="implementation"/>
      </FileInfo>
    </File>
    <Config>
      <Option Name="ConstrsType" Val="XDC"/>
    </Config>
  </FileSet>
  <FileSet Name="utils" Type="Utils" RelSrcDir="$PSRCDIR/utils_1" RelGenDir="$PGENDIR/utils_1">
    <Filter Type="Utils"/>
    <File Path="$PSRCDIR/utils_1/imports/synth_1/myAND.dcp">
      <FileInfo>
        <Attr Name="UsedIn" Val="synthesis"/>
        <Attr Name="UsedIn" Val="implementation"/>
        <Attr Name="UsedInSteps" Val="synth_1"/>
        <Attr Name="AutoDcp" Val="1"/>
      </FileInfo>
    </File>
    <Config>
      <Option Name="TopAutoSet" Val="TRUE"/>
    </Config>
  </FileSet>
  <Strategy Version="1" Minor="2">
    <StratHandle Name="Vivado Implementation Defaults" Flow="Vivado Implementation 2025"/>
    <Step Id="init_design"/>
    <Step Id="opt_design"/>
    <Step Id="power_opt_design"/>
    <Step Id="place_design"/>
    <Step Id="post_place_power_opt_design"/>
    <Step Id="phys_opt_design"/>
    <Step Id="route_design"/>
    <Step Id="post_route_phys_opt_design"/>
    <Step Id="write_bitstream"/>
  </Strategy>
</GenRun>
