<?xml version="1.0" encoding="UTF-8"?>
<GenRun Id="impl_1" LaunchPart="xc7a35tcpg236-1" LaunchTime="1761354262">
  <File Type="PA-TCL" Name="time_multiplexing_main.tcl"/>
  <File Type="REPORTS-TCL" Name="time_multiplexing_main_reports.tcl"/>
  <File Type="INIT-TIMING" Name="time_multiplexing_main_timing_summary_init.rpt"/>
  <File Type="OPT-DCP" Name="time_multiplexing_main_opt.dcp"/>
  <File Type="OPT-DRC" Name="time_multiplexing_main_drc_opted.rpt"/>
  <File Type="OPT-UTIL" Name="time_multiplexing_main_utilization_opted.rpt"/>
  <File Type="OPT-UTIL-PB" Name="time_multiplexing_main_utilization_opted.pb"/>
  <File Type="OPT-METHODOLOGY-DRC" Name="time_multiplexing_main_methodology_drc_opted.rpt"/>
  <File Type="OPT-HWDEF" Name="time_multiplexing_main.hwdef"/>
  <File Type="OPT-TIMING" Name="time_multiplexing_main_timing_summary_opted.rpt"/>
  <File Type="OPT-RQA-PB" Name="time_multiplexing_main_rqa_opted.pb"/>
  <File Type="PWROPT-DCP" Name="time_multiplexing_main_pwropt.dcp"/>
  <File Type="PWROPT-DRC" Name="time_multiplexing_main_drc_pwropted.rpt"/>
  <File Type="PWROPT-TIMING" Name="time_multiplexing_main_timing_summary_pwropted.rpt"/>
  <File Type="PLACE-DCP" Name="time_multiplexing_main_placed.dcp"/>
  <File Type="PLACE-IO" Name="time_multiplexing_main_io_placed.rpt"/>
  <File Type="PLACE-CLK" Name="time_multiplexing_main_clock_utilization_placed.rpt"/>
  <File Type="PLACE-UTIL" Name="time_multiplexing_main_utilization_placed.rpt"/>
  <File Type="PLACE-UTIL-PB" Name="time_multiplexing_main_utilization_placed.pb"/>
  <File Type="PLACE-CTRL" Name="time_multiplexing_main_control_sets_placed.rpt"/>
  <File Type="PLACE-SIMILARITY" Name="time_multiplexing_main_incremental_reuse_placed.rpt"/>
  <File Type="PLACE-PRE-SIMILARITY" Name="time_multiplexing_main_incremental_reuse_pre_placed.rpt"/>
  <File Type="PLACE-TIMING" Name="time_multiplexing_main_timing_summary_placed.rpt"/>
  <File Type="PLACE-RQA-PB" Name="time_multiplexing_main_rqa_placed.pb"/>
  <File Type="POSTPLACE-PWROPT-DCP" Name="time_multiplexing_main_postplace_pwropt.dcp"/>
  <File Type="POSTPLACE-PWROPT-TIMING" Name="time_multiplexing_main_timing_summary_postplace_pwropted.rpt"/>
  <File Type="PHYSOPT-DCP" Name="time_multiplexing_main_physopt.dcp"/>
  <File Type="PHYSOPT-DRC" Name="time_multiplexing_main_drc_physopted.rpt"/>
  <File Type="PHYSOPT-TIMING" Name="time_multiplexing_main_timing_summary_physopted.rpt"/>
  <File Type="ROUTE-ERROR-DCP" Name="time_multiplexing_main_routed_error.dcp"/>
  <File Type="ROUTE-DCP" Name="time_multiplexing_main_routed.dcp"/>
  <File Type="ROUTE-BLACKBOX-DCP" Name="time_multiplexing_main_routed_bb.dcp"/>
  <File Type="ROUTE-UTIL" Name="time_multiplexing_main_utilization_routed.rpt"/>
  <File Type="ROUTE-UTIL-PB" Name="time_multiplexing_main_utilization_routed.pb"/>
  <File Type="ROUTE-DRC" Name="time_multiplexing_main_drc_routed.rpt"/>
  <File Type="ROUTE-DRC-PB" Name="time_multiplexing_main_drc_routed.pb"/>
  <File Type="ROUTE-DRC-RPX" Name="time_multiplexing_main_drc_routed.rpx"/>
  <File Type="ROUTE-METHODOLOGY-DRC" Name="time_multiplexing_main_methodology_drc_routed.rpt"/>
  <File Type="ROUTE-METHODOLOGY-DRC-RPX" Name="time_multiplexing_main_methodology_drc_routed.rpx"/>
  <File Type="ROUTE-METHODOLOGY-DRC-PB" Name="time_multiplexing_main_methodology_drc_routed.pb"/>
  <File Type="ROUTE-PWR" Name="time_multiplexing_main_power_routed.rpt"/>
  <File Type="ROUTE-PWR-SUM" Name="time_multiplexing_main_power_summary_routed.pb"/>
  <File Type="ROUTE-PWR-RPX" Name="time_multiplexing_main_power_routed.rpx"/>
  <File Type="ROUTE-STATUS" Name="time_multiplexing_main_route_status.rpt"/>
  <File Type="ROUTE-STATUS-PB" Name="time_multiplexing_main_route_status.pb"/>
  <File Type="ROUTE-TIMINGSUMMARY" Name="time_multiplexing_main_timing_summary_routed.rpt"/>
  <File Type="ROUTE-TIMING-PB" Name="time_multiplexing_main_timing_summary_routed.pb"/>
  <File Type="ROUTE-TIMING-RPX" Name="time_multiplexing_main_timing_summary_routed.rpx"/>
  <File Type="ROUTE-SIMILARITY" Name="time_multiplexing_main_incremental_reuse_routed.rpt"/>
  <File Type="ROUTE-CLK" Name="time_multiplexing_main_clock_utilization_routed.rpt"/>
  <File Type="ROUTE-BUS-SKEW" Name="time_multiplexing_main_bus_skew_routed.rpt"/>
  <File Type="ROUTE-BUS-SKEW-PB" Name="time_multiplexing_main_bus_skew_routed.pb"/>
  <File Type="ROUTE-BUS-SKEW-RPX" Name="time_multiplexing_main_bus_skew_routed.rpx"/>
  <File Type="ROUTE-RQS-PB" Name="time_multiplexing_main_rqs_routed.pb"/>
  <File Type="POSTROUTE-PHYSOPT-DCP" Name="time_multiplexing_main_postroute_physopt.dcp"/>
  <File Type="POSTROUTE-PHYSOPT-BLACKBOX-DCP" Name="time_multiplexing_main_postroute_physopt_bb.dcp"/>
  <File Type="POSTROUTE-PHYSOPT-TIMING" Name="time_multiplexing_main_timing_summary_postroute_physopted.rpt"/>
  <File Type="POSTROUTE-PHYSOPT-TIMING-PB" Name="time_multiplexing_main_timing_summary_postroute_physopted.pb"/>
  <File Type="POSTROUTE-PHYSOPT-TIMING-RPX" Name="time_multiplexing_main_timing_summary_postroute_physopted.rpx"/>
  <File Type="POSTROUTE-PHYSOPT-BUS-SKEW" Name="time_multiplexing_main_bus_skew_postroute_physopted.rpt"/>
  <File Type="POSTROUTE-PHYSOPT-BUS-SKEW-PB" Name="time_multiplexing_main_bus_skew_postroute_physopted.pb"/>
  <File Type="POSTROUTE-PHYSOPT-BUS-SKEW-RPX" Name="time_multiplexing_main_bus_skew_postroute_physopted.rpx"/>
  <File Type="BG-BIT" Name="time_multiplexing_main.bit"/>
  <File Type="BG-BIN" Name="time_multiplexing_main.bin"/>
  <File Type="BITSTR-MSK" Name="time_multiplexing_main.msk"/>
  <File Type="BITSTR-RBT" Name="time_multiplexing_main.rbt"/>
  <File Type="BITSTR-NKY" Name="time_multiplexing_main.nky"/>
  <File Type="BITSTR-BMM" Name="time_multiplexing_main_bd.bmm"/>
  <File Type="BITSTR-MMI" Name="time_multiplexing_main.mmi"/>
  <File Type="PDI-FILE" Name="time_multiplexing_main.pdi"/>
  <File Type="BOOT-PDI-FILE" Name="time_multiplexing_main_boot.pdi"/>
  <File Type="PL-PDI-FILE" Name="time_multiplexing_main_pld.pdi"/>
  <File Type="RCFI_FILE" Name="time_multiplexing_main.rcfi"/>
  <File Type="CFI_FILE" Name="time_multiplexing_main.cfi"/>
  <File Type="RNPI_FILE" Name="time_multiplexing_main.rnpi"/>
  <File Type="RCDO-FILE" Name="time_multiplexing_main.rcdo"/>
  <File Type="MARKER-RNPI-FILE" Name="time_multiplexing_main_markers.rnpi"/>
  <File Type="MARKER-RCDO-FILE" Name="time_multiplexing_main_markers.rcdo"/>
  <File Type="BOOT_RNPI_FILE" Name="time_multiplexing_main_boot.rnpi"/>
  <File Type="BOOT_MARKER_RNPI_FILE" Name="time_multiplexing_main_boot_markers.rnpi"/>
  <File Type="PL_RNPI_FILE" Name="time_multiplexing_main_pld.rnpi"/>
  <File Type="PL_MARKER_RNPI_FILE" Name="time_multiplexing_main_pld_markers.rnpi"/>
  <File Type="PL_MASK_RNPI_FILE" Name="time_multiplexing_main_pld_mask.rnpi"/>
  <File Type="PL_SHUTDOWN_RNPI_FILE" Name="time_multiplexing_main_pld_shutdown.rnpi"/>
  <File Type="PL_UNMASK_RNPI_FILE" Name="time_multiplexing_main_pld_unmask.rnpi"/>
  <File Type="PL-RCDO-FILE" Name="time_multiplexing_main_pld.rcdo"/>
  <File Type="PL-CLEAR-RCDO-FILE" Name="time_multiplexing_main_pld_clear.rcdo"/>
  <File Type="PL_MARKER_RCDO_FILE" Name="time_multiplexing_main_pld_markers.rcdo"/>
  <File Type="PL_MASK_RCDO_FILE" Name="time_multiplexing_main_pld_mask.rcdo"/>
  <File Type="PL_UNMASK_MARKER_RCDO_FILE" Name="time_multiplexing_main_pld_unmask_markers.rcdo"/>
  <File Type="PL_UNMASK_RCDO_FILE" Name="time_multiplexing_main_pld_unmask.rcdo"/>
  <File Type="NPI_FILE" Name="time_multiplexing_main.npi"/>
  <File Type="RBD_FILE" Name="time_multiplexing_main.rbd"/>
  <File Type="MMI-FILE" Name="time_multiplexing_main.mmi"/>
  <File Type="BIF-FILE" Name="time_multiplexing_main.bif"/>
  <File Type="BOOT-BIF-FILE" Name="time_multiplexing_main_boot.bif"/>
  <File Type="PL-BIF-FILE" Name="time_multiplexing_main_pld.bif"/>
  <File Type="LTX-FILE" Name="time_multiplexing_main.ltx"/>
  <File Type="BOOT-LTX-FILE" Name="time_multiplexing_main_boot.ltx"/>
  <File Type="PL-LTX-FILE" Name="time_multiplexing_main_pld.ltx"/>
  <File Type="BITSTR-LTX" Name="debug_nets.ltx"/>
  <File Type="BITSTR-LTX" Name="time_multiplexing_main.ltx"/>
  <File Type="BITSTR-SYSDEF" Name="time_multiplexing_main.sysdef"/>
  <File Type="BG-BGN" Name="time_multiplexing_main.bgn"/>
  <File Type="BG-DRC" Name="time_multiplexing_main.drc"/>
  <File Type="RDI-RDI" Name="time_multiplexing_main.vdi"/>
  <File Type="WBT-USG" Name="usage_statistics_webtalk.html"/>
  <File Type="ROUTE-RQS" Name="time_multiplexing_main_routed.rqs"/>
  <File Type="POSTROUTE-PHYSOPT-RQS" Name="time_multiplexing_main_postroute_physopted.rqs"/>
  <File Type="ROUTE-RQS-RPT" Name="route_report_qor_suggestions_0.rpt"/>
  <File Type="POSTROUTE-PHYSOPT-RQS-RPT" Name="postroute_physopt_report_qor_suggestions_0.rpt"/>
  <FileSet Name="sources" Type="DesignSrcs" RelSrcDir="$PSRCDIR/sources_1" RelGenDir="$PGENDIR/sources_1">
    <Filter Type="Srcs"/>
    <File Path="$PSRCDIR/sources_1/new/clkdiv.v">
      <FileInfo>
        <Attr Name="UsedIn" Val="synthesis"/>
        <Attr Name="UsedIn" Val="implementation"/>
        <Attr Name="UsedIn" Val="simulation"/>
      </FileInfo>
    </File>
    <File Path="$PSRCDIR/sources_1/new/hexto7segment.v">
      <FileInfo>
        <Attr Name="UsedIn" Val="synthesis"/>
        <Attr Name="UsedIn" Val="implementation"/>
        <Attr Name="UsedIn" Val="simulation"/>
      </FileInfo>
    </File>
    <File Path="$PSRCDIR/sources_1/new/time_mux_state_machine.v">
      <FileInfo>
        <Attr Name="UsedIn" Val="synthesis"/>
        <Attr Name="UsedIn" Val="implementation"/>
        <Attr Name="UsedIn" Val="simulation"/>
      </FileInfo>
    </File>
    <File Path="$PSRCDIR/sources_1/new/time_multiplexing_main.v">
      <FileInfo>
        <Attr Name="UsedIn" Val="synthesis"/>
        <Attr Name="UsedIn" Val="implementation"/>
        <Attr Name="UsedIn" Val="simulation"/>
      </FileInfo>
    </File>
    <File Path="$PSRCDIR/sources_1/new/rising_edge_detector.v">
      <FileInfo>
        <Attr Name="UserDisabled" Val="1"/>
        <Attr Name="UsedIn" Val="synthesis"/>
        <Attr Name="UsedIn" Val="implementation"/>
        <Attr Name="UsedIn" Val="simulation"/>
      </FileInfo>
    </File>
    <File Path="$PSRCDIR/sources_1/new/flight_attendant_call_system.v">
      <FileInfo>
        <Attr Name="UserDisabled" Val="1"/>
        <Attr Name="UsedIn" Val="synthesis"/>
        <Attr Name="UsedIn" Val="implementation"/>
        <Attr Name="UsedIn" Val="simulation"/>
      </FileInfo>
    </File>
    <Config>
      <Option Name="DesignMode" Val="RTL"/>
      <Option Name="TopModule" Val="time_multiplexing_main"/>
      <Option Name="TopAutoSet" Val="TRUE"/>
    </Config>
  </FileSet>
  <FileSet Name="constrs_in" Type="Constrs" RelSrcDir="$PSRCDIR/constrs_1" RelGenDir="$PGENDIR/constrs_1">
    <Filter Type="Constrs"/>
    <File Path="$PSRCDIR/constrs_1/imports/Downloads/Basys3_Master.xdc">
      <FileInfo>
        <Attr Name="ImportPath" Val="$PPRDIR/../../../Downloads/Basys3_Master.xdc"/>
        <Attr Name="ImportTime" Val="1757080397"/>
        <Attr Name="UsedIn" Val="synthesis"/>
        <Attr Name="UsedIn" Val="implementation"/>
      </FileInfo>
    </File>
    <Config>
      <Option Name="ConstrsType" Val="XDC"/>
    </Config>
  </FileSet>
  <FileSet Name="utils" Type="Utils" RelSrcDir="$PSRCDIR/utils_1" RelGenDir="$PGENDIR/utils_1">
    <Filter Type="Utils"/>
    <File Path="$PSRCDIR/utils_1/imports/synth_1/flight_attendant_call_system.dcp">
      <FileInfo>
        <Attr Name="UsedIn" Val="synthesis"/>
        <Attr Name="UsedIn" Val="implementation"/>
        <Attr Name="UsedInSteps" Val="synth_1"/>
        <Attr Name="AutoDcp" Val="1"/>
      </FileInfo>
    </File>
    <Config>
      <Option Name="TopAutoSet" Val="TRUE"/>
    </Config>
  </FileSet>
  <Strategy Version="1" Minor="2">
    <StratHandle Name="Vivado Implementation Defaults" Flow="Vivado Implementation 2025"/>
    <Step Id="init_design"/>
    <Step Id="opt_design"/>
    <Step Id="power_opt_design"/>
    <Step Id="place_design"/>
    <Step Id="post_place_power_opt_design"/>
    <Step Id="phys_opt_design"/>
    <Step Id="route_design"/>
    <Step Id="post_route_phys_opt_design"/>
    <Step Id="write_bitstream"/>
  </Strategy>
</GenRun>
