<?xml version="1.0" encoding="UTF-8"?>
<GenRun Id="impl_1" LaunchPart="xc7a35tcpg236-1" LaunchTime="1762552880">
  <File Type="REPORTS-TCL" Name="RCA_4bits_reports.tcl"/>
  <File Type="ROUTE-PWR-SUM" Name="RCA_4bits_power_summary_routed.pb"/>
  <File Type="BITSTR-MMI" Name="RCA_4bits.mmi"/>
  <File Type="OPT-DRC" Name="RCA_4bits_drc_opted.rpt"/>
  <File Type="BG-DRC" Name="RCA_4bits.drc"/>
  <File Type="ROUTE-STATUS-PB" Name="RCA_4bits_route_status.pb"/>
  <File Type="BG-BGN" Name="RCA_4bits.bgn"/>
  <File Type="PLACE-UTIL" Name="RCA_4bits_utilization_placed.rpt"/>
  <File Type="PLACE-UTIL-PB" Name="RCA_4bits_utilization_placed.pb"/>
  <File Type="PLACE-IO" Name="RCA_4bits_io_placed.rpt"/>
  <File Type="BG-BIN" Name="RCA_4bits.bin"/>
  <File Type="PLACE-CTRL" Name="RCA_4bits_control_sets_placed.rpt"/>
  <File Type="ROUTE-PWR-RPX" Name="RCA_4bits_power_routed.rpx"/>
  <File Type="BITSTR-MSK" Name="RCA_4bits.msk"/>
  <File Type="BITSTR-RBT" Name="RCA_4bits.rbt"/>
  <File Type="ROUTE-TIMINGSUMMARY" Name="RCA_4bits_timing_summary_routed.rpt"/>
  <File Type="ROUTE-TIMING-RPX" Name="RCA_4bits_timing_summary_routed.rpx"/>
  <File Type="ROUTE-STATUS" Name="RCA_4bits_route_status.rpt"/>
  <File Type="PA-TCL" Name="RCA_4bits.tcl"/>
  <File Type="ROUTE-PWR" Name="RCA_4bits_power_routed.rpt"/>
  <File Type="ROUTE-DRC" Name="RCA_4bits_drc_routed.rpt"/>
  <File Type="ROUTE-DRC-RPX" Name="RCA_4bits_drc_routed.rpx"/>
  <File Type="ROUTE-DRC-PB" Name="RCA_4bits_drc_routed.pb"/>
  <File Type="BITSTR-SYSDEF" Name="RCA_4bits.sysdef"/>
  <File Type="ROUTE-METHODOLOGY-DRC" Name="RCA_4bits_methodology_drc_routed.rpt"/>
  <File Type="ROUTE-METHODOLOGY-DRC-RPX" Name="RCA_4bits_methodology_drc_routed.rpx"/>
  <File Type="BITSTR-LTX" Name="debug_nets.ltx"/>
  <File Type="BITSTR-LTX" Name="RCA_4bits.ltx"/>
  <File Type="ROUTE-METHODOLOGY-DRC-PB" Name="RCA_4bits_methodology_drc_routed.pb"/>
  <File Type="ROUTE-SIMILARITY" Name="RCA_4bits_incremental_reuse_routed.rpt"/>
  <File Type="RDI-RDI" Name="RCA_4bits.vdi"/>
  <File Type="ROUTE-CLK" Name="RCA_4bits_clock_utilization_routed.rpt"/>
  <File Type="ROUTE-BUS-SKEW" Name="RCA_4bits_bus_skew_routed.rpt"/>
  <File Type="ROUTE-BUS-SKEW-RPX" Name="RCA_4bits_bus_skew_routed.rpx"/>
  <File Type="ROUTE-BUS-SKEW-PB" Name="RCA_4bits_bus_skew_routed.pb"/>
  <File Type="POSTROUTE-PHYSOPT-TIMING" Name="RCA_4bits_timing_summary_postroute_physopted.rpt"/>
  <File Type="POSTROUTE-PHYSOPT-TIMING-RPX" Name="RCA_4bits_timing_summary_postroute_physopted.rpx"/>
  <File Type="POSTROUTE-PHYSOPT-TIMING-PB" Name="RCA_4bits_timing_summary_postroute_physopted.pb"/>
  <File Type="POSTROUTE-PHYSOPT-BUS-SKEW" Name="RCA_4bits_bus_skew_postroute_physopted.rpt"/>
  <File Type="POSTROUTE-PHYSOPT-BUS-SKEW-RPX" Name="RCA_4bits_bus_skew_postroute_physopted.rpx"/>
  <File Type="BG-BIT" Name="RCA_4bits.bit"/>
  <File Type="POSTROUTE-PHYSOPT-BUS-SKEW-PB" Name="RCA_4bits_bus_skew_postroute_physopted.pb"/>
  <File Type="BITSTR-NKY" Name="RCA_4bits.nky"/>
  <File Type="BITSTR-BMM" Name="RCA_4bits_bd.bmm"/>
  <File Type="WBT-USG" Name="usage_statistics_webtalk.html"/>
  <File Type="OPT-HWDEF" Name="RCA_4bits.hwdef"/>
  <File Type="PLACE-PRE-SIMILARITY" Name="RCA_4bits_incremental_reuse_pre_placed.rpt"/>
  <File Type="ROUTE-DCP" Name="RCA_4bits_routed.dcp"/>
  <File Type="ROUTE-ERROR-DCP" Name="RCA_4bits_routed_error.dcp"/>
  <File Type="ROUTE-BLACKBOX-DCP" Name="RCA_4bits_routed_bb.dcp"/>
  <File Type="ROUTE-TIMING-PB" Name="RCA_4bits_timing_summary_routed.pb"/>
  <File Type="OPT-DCP" Name="RCA_4bits_opt.dcp"/>
  <File Type="PLACE-DCP" Name="RCA_4bits_placed.dcp"/>
  <File Type="PWROPT-DCP" Name="RCA_4bits_pwropt.dcp"/>
  <File Type="POSTPLACE-PWROPT-DCP" Name="RCA_4bits_postplace_pwropt.dcp"/>
  <File Type="PHYSOPT-DCP" Name="RCA_4bits_physopt.dcp"/>
  <File Type="POSTROUTE-PHYSOPT-DCP" Name="RCA_4bits_postroute_physopt.dcp"/>
  <File Type="POSTROUTE-PHYSOPT-BLACKBOX-DCP" Name="RCA_4bits_postroute_physopt_bb.dcp"/>
  <File Type="PDI-FILE" Name="RCA_4bits.pdi"/>
  <File Type="BOOT-PDI-FILE" Name="RCA_4bits_boot.pdi"/>
  <File Type="PL-PDI-FILE" Name="RCA_4bits_pld.pdi"/>
  <File Type="RCFI_FILE" Name="RCA_4bits.rcfi"/>
  <File Type="CFI_FILE" Name="RCA_4bits.cfi"/>
  <File Type="RNPI_FILE" Name="RCA_4bits.rnpi"/>
  <File Type="NPI_FILE" Name="RCA_4bits.npi"/>
  <File Type="RBD_FILE" Name="RCA_4bits.rbd"/>
  <File Type="ROUTE-RQS" Name="RCA_4bits_routed.rqs"/>
  <File Type="POSTROUTE-PHYSOPT-RQS" Name="RCA_4bits_postroute_physopted.rqs"/>
  <File Type="ROUTE-RQS-RPT" Name="route_report_qor_suggestions_0.rpt"/>
  <File Type="POSTROUTE-PHYSOPT-RQS-RPT" Name="postroute_physopt_report_qor_suggestions_0.rpt"/>
  <File Type="MMI-FILE" Name="RCA_4bits.mmi"/>
  <File Type="BIF-FILE" Name="RCA_4bits.bif"/>
  <File Type="BOOT-BIF-FILE" Name="RCA_4bits_boot.bif"/>
  <File Type="PL-BIF-FILE" Name="RCA_4bits_pld.bif"/>
  <File Type="LTX-FILE" Name="RCA_4bits.ltx"/>
  <File Type="BOOT-LTX-FILE" Name="RCA_4bits_boot.ltx"/>
  <File Type="PL-LTX-FILE" Name="RCA_4bits_pld.ltx"/>
  <File Type="RCDO-FILE" Name="RCA_4bits.rcdo"/>
  <File Type="MARKER-RCDO-FILE" Name="RCA_4bits_markers.rcdo"/>
  <File Type="PL-RCDO-FILE" Name="RCA_4bits_pld.rcdo"/>
  <File Type="MARKER-RNPI-FILE" Name="RCA_4bits_markers.rnpi"/>
  <File Type="BOOT_RNPI_FILE" Name="RCA_4bits_boot.rnpi"/>
  <File Type="PL_RNPI_FILE" Name="RCA_4bits_pld.rnpi"/>
  <File Type="BOOT_MARKER_RNPI_FILE" Name="RCA_4bits_boot_markers.rnpi"/>
  <File Type="PL_MARKER_RNPI_FILE" Name="RCA_4bits_pld_markers.rnpi"/>
  <File Type="PL_MASK_RNPI_FILE" Name="RCA_4bits_pld_mask.rnpi"/>
  <File Type="PL_SHUTDOWN_RNPI_FILE" Name="RCA_4bits_pld_shutdown.rnpi"/>
  <File Type="PL_UNMASK_RNPI_FILE" Name="RCA_4bits_pld_unmask.rnpi"/>
  <File Type="PL-CLEAR-RCDO-FILE" Name="RCA_4bits_pld_clear.rcdo"/>
  <File Type="PL_MARKER_RCDO_FILE" Name="RCA_4bits_pld_markers.rcdo"/>
  <File Type="PL_MASK_RCDO_FILE" Name="RCA_4bits_pld_mask.rcdo"/>
  <File Type="PL_UNMASK_MARKER_RCDO_FILE" Name="RCA_4bits_pld_unmask_markers.rcdo"/>
  <File Type="PL_UNMASK_RCDO_FILE" Name="RCA_4bits_pld_unmask.rcdo"/>
  <FileSet Name="sources" Type="DesignSrcs" RelSrcDir="$PSRCDIR/sources_1" RelGenDir="$PGENDIR/sources_1">
    <Filter Type="Srcs"/>
    <File Path="$PSRCDIR/sources_1/new/full_adder.v">
      <FileInfo>
        <Attr Name="UsedIn" Val="synthesis"/>
        <Attr Name="UsedIn" Val="implementation"/>
        <Attr Name="UsedIn" Val="simulation"/>
      </FileInfo>
    </File>
    <File Path="$PSRCDIR/sources_1/new/register_logic.v">
      <FileInfo>
        <Attr Name="UsedIn" Val="synthesis"/>
        <Attr Name="UsedIn" Val="implementation"/>
        <Attr Name="UsedIn" Val="simulation"/>
      </FileInfo>
    </File>
    <File Path="$PSRCDIR/sources_1/new/RCA_4bits.v">
      <FileInfo>
        <Attr Name="UsedIn" Val="synthesis"/>
        <Attr Name="UsedIn" Val="implementation"/>
        <Attr Name="UsedIn" Val="simulation"/>
      </FileInfo>
    </File>
    <File Path="$PSRCDIR/sources_1/new/CLAregister_logic.v">
      <FileInfo>
        <Attr Name="UserDisabled" Val="1"/>
        <Attr Name="UsedIn" Val="synthesis"/>
        <Attr Name="UsedIn" Val="implementation"/>
        <Attr Name="UsedIn" Val="simulation"/>
      </FileInfo>
    </File>
    <File Path="$PSRCDIR/sources_1/new/CLA_4bits.v">
      <FileInfo>
        <Attr Name="UserDisabled" Val="1"/>
        <Attr Name="UsedIn" Val="synthesis"/>
        <Attr Name="UsedIn" Val="implementation"/>
        <Attr Name="UsedIn" Val="simulation"/>
      </FileInfo>
    </File>
    <Config>
      <Option Name="DesignMode" Val="RTL"/>
      <Option Name="TopModule" Val="RCA_4bits"/>
      <Option Name="TopAutoSet" Val="TRUE"/>
    </Config>
  </FileSet>
  <FileSet Name="constrs_in" Type="Constrs" RelSrcDir="$PSRCDIR/constrs_1" RelGenDir="$PGENDIR/constrs_1">
    <Filter Type="Constrs"/>
    <File Path="$PSRCDIR/constrs_1/imports/Downloads/Basys3_Master.xdc">
      <FileInfo>
        <Attr Name="ImportPath" Val="$PPRDIR/../../../Downloads/Basys3_Master.xdc"/>
        <Attr Name="ImportTime" Val="1757080397"/>
        <Attr Name="UsedIn" Val="synthesis"/>
        <Attr Name="UsedIn" Val="implementation"/>
      </FileInfo>
    </File>
    <Config>
      <Option Name="ConstrsType" Val="XDC"/>
    </Config>
  </FileSet>
  <FileSet Name="utils" Type="Utils" RelSrcDir="$PSRCDIR/utils_1" RelGenDir="$PGENDIR/utils_1">
    <Filter Type="Utils"/>
    <File Path="$PSRCDIR/utils_1/imports/synth_1/CLA_4bits.dcp">
      <FileInfo>
        <Attr Name="UsedIn" Val="synthesis"/>
        <Attr Name="UsedIn" Val="implementation"/>
        <Attr Name="UsedInSteps" Val="synth_1"/>
        <Attr Name="AutoDcp" Val="1"/>
      </FileInfo>
    </File>
    <Config>
      <Option Name="TopAutoSet" Val="TRUE"/>
    </Config>
  </FileSet>
  <Strategy Version="1" Minor="2">
    <StratHandle Name="Vivado Implementation Defaults" Flow="Vivado Implementation 2025"/>
    <Step Id="init_design"/>
    <Step Id="opt_design"/>
    <Step Id="power_opt_design"/>
    <Step Id="place_design"/>
    <Step Id="post_place_power_opt_design"/>
    <Step Id="phys_opt_design"/>
    <Step Id="route_design"/>
    <Step Id="post_route_phys_opt_design"/>
    <Step Id="write_bitstream"/>
    <Step Id="write_device_image"/>
  </Strategy>
</GenRun>
