<?xml version="1.0" encoding="UTF-8"?>
<GenRun Id="impl_1" LaunchPart="xc7a35tcpg236-1" LaunchTime="1757949029">
  <File Type="REPORTS-TCL" Name="fourtoonemux_reports.tcl"/>
  <File Type="ROUTE-PWR-SUM" Name="fourtoonemux_power_summary_routed.pb"/>
  <File Type="BITSTR-MMI" Name="fourtoonemux.mmi"/>
  <File Type="OPT-DRC" Name="fourtoonemux_drc_opted.rpt"/>
  <File Type="BG-DRC" Name="fourtoonemux.drc"/>
  <File Type="ROUTE-STATUS-PB" Name="fourtoonemux_route_status.pb"/>
  <File Type="BG-BGN" Name="fourtoonemux.bgn"/>
  <File Type="PLACE-UTIL" Name="fourtoonemux_utilization_placed.rpt"/>
  <File Type="PLACE-UTIL-PB" Name="fourtoonemux_utilization_placed.pb"/>
  <File Type="PLACE-IO" Name="fourtoonemux_io_placed.rpt"/>
  <File Type="BG-BIN" Name="fourtoonemux.bin"/>
  <File Type="PLACE-CTRL" Name="fourtoonemux_control_sets_placed.rpt"/>
  <File Type="ROUTE-PWR-RPX" Name="fourtoonemux_power_routed.rpx"/>
  <File Type="BITSTR-MSK" Name="fourtoonemux.msk"/>
  <File Type="BITSTR-RBT" Name="fourtoonemux.rbt"/>
  <File Type="ROUTE-TIMINGSUMMARY" Name="fourtoonemux_timing_summary_routed.rpt"/>
  <File Type="ROUTE-TIMING-RPX" Name="fourtoonemux_timing_summary_routed.rpx"/>
  <File Type="ROUTE-STATUS" Name="fourtoonemux_route_status.rpt"/>
  <File Type="PA-TCL" Name="fourtoonemux.tcl"/>
  <File Type="ROUTE-PWR" Name="fourtoonemux_power_routed.rpt"/>
  <File Type="ROUTE-DRC" Name="fourtoonemux_drc_routed.rpt"/>
  <File Type="ROUTE-DRC-RPX" Name="fourtoonemux_drc_routed.rpx"/>
  <File Type="ROUTE-DRC-PB" Name="fourtoonemux_drc_routed.pb"/>
  <File Type="BITSTR-SYSDEF" Name="fourtoonemux.sysdef"/>
  <File Type="ROUTE-METHODOLOGY-DRC" Name="fourtoonemux_methodology_drc_routed.rpt"/>
  <File Type="ROUTE-METHODOLOGY-DRC-RPX" Name="fourtoonemux_methodology_drc_routed.rpx"/>
  <File Type="BITSTR-LTX" Name="debug_nets.ltx"/>
  <File Type="BITSTR-LTX" Name="fourtoonemux.ltx"/>
  <File Type="ROUTE-METHODOLOGY-DRC-PB" Name="fourtoonemux_methodology_drc_routed.pb"/>
  <File Type="ROUTE-SIMILARITY" Name="fourtoonemux_incremental_reuse_routed.rpt"/>
  <File Type="RDI-RDI" Name="fourtoonemux.vdi"/>
  <File Type="ROUTE-CLK" Name="fourtoonemux_clock_utilization_routed.rpt"/>
  <File Type="ROUTE-BUS-SKEW" Name="fourtoonemux_bus_skew_routed.rpt"/>
  <File Type="ROUTE-BUS-SKEW-RPX" Name="fourtoonemux_bus_skew_routed.rpx"/>
  <File Type="ROUTE-BUS-SKEW-PB" Name="fourtoonemux_bus_skew_routed.pb"/>
  <File Type="POSTROUTE-PHYSOPT-TIMING" Name="fourtoonemux_timing_summary_postroute_physopted.rpt"/>
  <File Type="POSTROUTE-PHYSOPT-TIMING-RPX" Name="fourtoonemux_timing_summary_postroute_physopted.rpx"/>
  <File Type="POSTROUTE-PHYSOPT-TIMING-PB" Name="fourtoonemux_timing_summary_postroute_physopted.pb"/>
  <File Type="POSTROUTE-PHYSOPT-BUS-SKEW" Name="fourtoonemux_bus_skew_postroute_physopted.rpt"/>
  <File Type="POSTROUTE-PHYSOPT-BUS-SKEW-RPX" Name="fourtoonemux_bus_skew_postroute_physopted.rpx"/>
  <File Type="BG-BIT" Name="fourtoonemux.bit"/>
  <File Type="POSTROUTE-PHYSOPT-BUS-SKEW-PB" Name="fourtoonemux_bus_skew_postroute_physopted.pb"/>
  <File Type="BITSTR-NKY" Name="fourtoonemux.nky"/>
  <File Type="BITSTR-BMM" Name="fourtoonemux_bd.bmm"/>
  <File Type="WBT-USG" Name="usage_statistics_webtalk.html"/>
  <File Type="OPT-HWDEF" Name="fourtoonemux.hwdef"/>
  <File Type="PLACE-PRE-SIMILARITY" Name="fourtoonemux_incremental_reuse_pre_placed.rpt"/>
  <File Type="ROUTE-DCP" Name="fourtoonemux_routed.dcp"/>
  <File Type="ROUTE-ERROR-DCP" Name="fourtoonemux_routed_error.dcp"/>
  <File Type="ROUTE-BLACKBOX-DCP" Name="fourtoonemux_routed_bb.dcp"/>
  <File Type="ROUTE-TIMING-PB" Name="fourtoonemux_timing_summary_routed.pb"/>
  <File Type="OPT-DCP" Name="fourtoonemux_opt.dcp"/>
  <File Type="PLACE-DCP" Name="fourtoonemux_placed.dcp"/>
  <File Type="PWROPT-DCP" Name="fourtoonemux_pwropt.dcp"/>
  <File Type="POSTPLACE-PWROPT-DCP" Name="fourtoonemux_postplace_pwropt.dcp"/>
  <File Type="PHYSOPT-DCP" Name="fourtoonemux_physopt.dcp"/>
  <File Type="POSTROUTE-PHYSOPT-DCP" Name="fourtoonemux_postroute_physopt.dcp"/>
  <File Type="POSTROUTE-PHYSOPT-BLACKBOX-DCP" Name="fourtoonemux_postroute_physopt_bb.dcp"/>
  <File Type="PDI-FILE" Name="fourtoonemux.pdi"/>
  <File Type="BOOT-PDI-FILE" Name="fourtoonemux_boot.pdi"/>
  <File Type="PL-PDI-FILE" Name="fourtoonemux_pld.pdi"/>
  <File Type="RCFI_FILE" Name="fourtoonemux.rcfi"/>
  <File Type="CFI_FILE" Name="fourtoonemux.cfi"/>
  <File Type="RNPI_FILE" Name="fourtoonemux.rnpi"/>
  <File Type="NPI_FILE" Name="fourtoonemux.npi"/>
  <File Type="RBD_FILE" Name="fourtoonemux.rbd"/>
  <File Type="ROUTE-RQS" Name="fourtoonemux_routed.rqs"/>
  <File Type="POSTROUTE-PHYSOPT-RQS" Name="fourtoonemux_postroute_physopted.rqs"/>
  <File Type="ROUTE-RQS-RPT" Name="route_report_qor_suggestions_0.rpt"/>
  <File Type="POSTROUTE-PHYSOPT-RQS-RPT" Name="postroute_physopt_report_qor_suggestions_0.rpt"/>
  <File Type="MMI-FILE" Name="fourtoonemux.mmi"/>
  <File Type="BIF-FILE" Name="fourtoonemux.bif"/>
  <File Type="BOOT-BIF-FILE" Name="fourtoonemux_boot.bif"/>
  <File Type="PL-BIF-FILE" Name="fourtoonemux_pld.bif"/>
  <File Type="LTX-FILE" Name="fourtoonemux.ltx"/>
  <File Type="BOOT-LTX-FILE" Name="fourtoonemux_boot.ltx"/>
  <File Type="PL-LTX-FILE" Name="fourtoonemux_pld.ltx"/>
  <File Type="RCDO-FILE" Name="fourtoonemux.rcdo"/>
  <File Type="MARKER-RCDO-FILE" Name="fourtoonemux_markers.rcdo"/>
  <File Type="PL-RCDO-FILE" Name="fourtoonemux_pld.rcdo"/>
  <File Type="MARKER-RNPI-FILE" Name="fourtoonemux_markers.rnpi"/>
  <File Type="BOOT_RNPI_FILE" Name="fourtoonemux_boot.rnpi"/>
  <File Type="PL_RNPI_FILE" Name="fourtoonemux_pld.rnpi"/>
  <File Type="BOOT_MARKER_RNPI_FILE" Name="fourtoonemux_boot_markers.rnpi"/>
  <File Type="PL_MARKER_RNPI_FILE" Name="fourtoonemux_pld_markers.rnpi"/>
  <File Type="PL_MASK_RNPI_FILE" Name="fourtoonemux_pld_mask.rnpi"/>
  <File Type="PL_SHUTDOWN_RNPI_FILE" Name="fourtoonemux_pld_shutdown.rnpi"/>
  <File Type="PL_UNMASK_RNPI_FILE" Name="fourtoonemux_pld_unmask.rnpi"/>
  <File Type="PL-CLEAR-RCDO-FILE" Name="fourtoonemux_pld_clear.rcdo"/>
  <File Type="PL_MARKER_RCDO_FILE" Name="fourtoonemux_pld_markers.rcdo"/>
  <File Type="PL_MASK_RCDO_FILE" Name="fourtoonemux_pld_mask.rcdo"/>
  <File Type="PL_UNMASK_MARKER_RCDO_FILE" Name="fourtoonemux_pld_unmask_markers.rcdo"/>
  <File Type="PL_UNMASK_RCDO_FILE" Name="fourtoonemux_pld_unmask.rcdo"/>
  <FileSet Name="sources" Type="DesignSrcs" RelSrcDir="$PSRCDIR/sources_1" RelGenDir="$PGENDIR/sources_1">
    <Filter Type="Srcs"/>
    <File Path="$PSRCDIR/sources_1/new/fourtoonemux.v">
      <FileInfo>
        <Attr Name="UsedIn" Val="synthesis"/>
        <Attr Name="UsedIn" Val="implementation"/>
        <Attr Name="UsedIn" Val="simulation"/>
      </FileInfo>
    </File>
    <File Path="$PSRCDIR/sources_1/new/decoder.v">
      <FileInfo>
        <Attr Name="AutoDisabled" Val="1"/>
        <Attr Name="UsedIn" Val="synthesis"/>
        <Attr Name="UsedIn" Val="implementation"/>
        <Attr Name="UsedIn" Val="simulation"/>
      </FileInfo>
    </File>
    <Config>
      <Option Name="DesignMode" Val="RTL"/>
      <Option Name="TopModule" Val="fourtoonemux"/>
      <Option Name="TopAutoSet" Val="TRUE"/>
    </Config>
  </FileSet>
  <FileSet Name="constrs_in" Type="Constrs" RelSrcDir="$PSRCDIR/constrs_1" RelGenDir="$PGENDIR/constrs_1">
    <Filter Type="Constrs"/>
    <File Path="$PSRCDIR/constrs_1/imports/Downloads/Basys3_Master.xdc">
      <FileInfo>
        <Attr Name="ImportPath" Val="$PPRDIR/../../../Downloads/Basys3_Master.xdc"/>
        <Attr Name="ImportTime" Val="1757080397"/>
        <Attr Name="UsedIn" Val="synthesis"/>
        <Attr Name="UsedIn" Val="implementation"/>
      </FileInfo>
    </File>
    <Config>
      <Option Name="ConstrsType" Val="XDC"/>
    </Config>
  </FileSet>
  <FileSet Name="utils" Type="Utils" RelSrcDir="$PSRCDIR/utils_1" RelGenDir="$PGENDIR/utils_1">
    <Filter Type="Utils"/>
    <File Path="$PSRCDIR/utils_1/imports/synth_1/fourtoonemux.dcp">
      <FileInfo>
        <Attr Name="UsedIn" Val="synthesis"/>
        <Attr Name="UsedIn" Val="implementation"/>
        <Attr Name="UsedInSteps" Val="synth_1"/>
        <Attr Name="AutoDcp" Val="1"/>
      </FileInfo>
    </File>
    <Config>
      <Option Name="TopAutoSet" Val="TRUE"/>
    </Config>
  </FileSet>
  <Strategy Version="1" Minor="2">
    <StratHandle Name="Vivado Implementation Defaults" Flow="Vivado Implementation 2025"/>
    <Step Id="init_design"/>
    <Step Id="opt_design"/>
    <Step Id="power_opt_design"/>
    <Step Id="place_design"/>
    <Step Id="post_place_power_opt_design"/>
    <Step Id="phys_opt_design"/>
    <Step Id="route_design"/>
    <Step Id="post_route_phys_opt_design"/>
    <Step Id="write_bitstream"/>
    <Step Id="write_device_image"/>
  </Strategy>
</GenRun>
